{
    "openapi": "3.0.0",
    "paths": {
        "/demandes/demande": {
            "post": {
                "operationId": "DemandesController_getDemande",
                "parameters": [],
                "requestBody": {
                    "required": true,
                    "content": {
                        "application/json": {
                            "schema": {
                                "$ref": "#/components/schemas/DemandeIdentification"
                            }
                        }
                    }
                },
                "responses": {
                    "200": {
                        "description": "",
                        "content": {
                            "application/json": {
                                "schema": {
                                    "$ref": "#/components/schemas/Demande"
                                }
                            }
                        }
                    },
                    "201": {
                        "description": "",
                        "content": {
                            "application/json": {
                                "schema": {
                                    "$ref": "#/components/schemas/Demande"
                                }
                            }
                        }
                    }
                },
                "tags": [
                    "demandesRest"
                ]
            }
        },
        "/produits/produits": {
            "get": {
                "operationId": "ProduitsController_getProduits",
                "parameters": [],
                "responses": {
                    "200": {
                        "description": "",
                        "content": {
                            "application/json": {
                                "schema": {
                                    "type": "array",
                                    "items": {
                                        "$ref": "#/components/schemas/Produit"
                                    }
                                }
                            }
                        }
                    }
                },
                "tags": [
                    "produitsRest"
                ]
            }
        }
    },
    "info": {
        "title": "SIGFU REST API",
        "description": "Serveur d'api en NodeJs",
        "version": "1.0",
        "contact": {}
    },
    "tags": [
        {
            "name": "SIGFU-API",
            "description": ""
        }
    ],
    "servers": [],
    "components": {
        "schemas": {
            "DemandeIdentification": {
                "type": "object",
                "properties": {
                    "numeroDemande": {
                        "type": "string"
                    },
                    "password": {
                        "type": "string"
                    }
                },
                "required": [
                    "numeroDemande",
                    "password"
                ]
            },
            "EtapePrecedente": {
                "type": "object",
                "properties": {
                    "nomService": {
                        "type": "string",
                        "description": "Service name"
                    },
                    "descriptionTache": {
                        "type": "string",
                        "description": "Task description"
                    },
                    "actionEffectue": {
                        "type": "string",
                        "description": "Action performed"
                    },
                    "dateDebut": {
                        "format": "date-time",
                        "type": "string",
                        "description": "Start date",
                        "nullable": true
                    },
                    "dateFin": {
                        "format": "date-time",
                        "type": "string",
                        "description": "Finalization date",
                        "nullable": true
                    }
                },
                "required": [
                    "nomService",
                    "descriptionTache",
                    "actionEffectue"
                ]
            },
            "EtapeEncours": {
                "type": "object",
                "properties": {
                    "nomService": {
                        "type": "string",
                        "description": "Service name"
                    },
                    "descriptionTache": {
                        "type": "string",
                        "description": "Task description"
                    },
                    "actionEffectue": {
                        "type": "string",
                        "description": "Action performed"
                    },
                    "dateDebut": {
                        "format": "date-time",
                        "type": "string",
                        "description": "Start date",
                        "nullable": true
                    },
                    "dateFin": {
                        "format": "date-time",
                        "type": "string",
                        "description": "Finalization date",
                        "nullable": true
                    }
                },
                "required": [
                    "nomService",
                    "descriptionTache",
                    "actionEffectue"
                ]
            },
            "Etape": {
                "type": "object",
                "properties": {
                    "nomService": {
                        "type": "string",
                        "description": "Service name"
                    },
                    "descriptionTache": {
                        "type": "string",
                        "description": "Task description"
                    },
                    "actionEffectue": {
                        "type": "string",
                        "description": "Action performed"
                    },
                    "dateDebut": {
                        "format": "date-time",
                        "type": "string",
                        "description": "Start date",
                        "nullable": true
                    },
                    "dateFin": {
                        "format": "date-time",
                        "type": "string",
                        "description": "Finalization date",
                        "nullable": true
                    }
                },
                "required": [
                    "nomService",
                    "descriptionTache",
                    "actionEffectue"
                ]
            },
            "EtapeSuivante": {
                "type": "object",
                "properties": {
                    "options": {
                        "description": "list of next step",
                        "type": "array",
                        "items": {
                            "$ref": "#/components/schemas/Etape"
                        }
                    }
                },
                "required": [
                    "options"
                ]
            },
            "Demande": {
                "type": "object",
                "properties": {
                    "etapePrecedente": {
                        "description": "Previous step",
                        "nullable": true,
                        "allOf": [
                            {
                                "$ref": "#/components/schemas/EtapePrecedente"
                            }
                        ]
                    },
                    "etapeEncours": {
                        "description": "Step in progress",
                        "allOf": [
                            {
                                "$ref": "#/components/schemas/EtapeEncours"
                            }
                        ]
                    },
                    "etapeSuivante": {
                        "description": "Next step",
                        "nullable": true,
                        "allOf": [
                            {
                                "$ref": "#/components/schemas/EtapeSuivante"
                            }
                        ]
                    }
                },
                "required": [
                    "etapeEncours"
                ]
            },
            "Produit": {
                "type": "object",
                "properties": {
                    "nom": {
                        "type": "string"
                    },
                    "description": {
                        "type": "string"
                    },
                    "quantite": {
                        "type": "number"
                    }
                },
                "required": [
                    "nom",
                    "description",
                    "quantite"
                ]
            }
        }
    }
}